content,date,like,place,tags
#수원맛집 #운동 #런치타임 #냠스타그램 #맛집먹방 #사랑해 #동아대맛집 #새콤달콤 #과천맛집 #신사맛집 #제주도맛집 #신촌맛집 #맛집발견 #황리단길맛집 #애월맛집 #성산맛집 #성산일출봉,"['#수원맛집', '#운동', '#런치타임', '#냠스타그램', '#맛집먹방', '#사랑해', '#동아대맛집', '#새콤달콤', '#과천맛집', '#신사맛집', '#제주도맛집', '#신촌맛집', '#맛집발견', '#황리단길맛집', '#애월맛집', '#성산맛집', '#성산일출봉']",2021-08-19,0,
아보카도커피🥑☕아보카도샌드위치🥑🥪,[],2021-08-19,3,
🌻나만 보는 해바라기 같은 남자 구합니다🌻...#일상 #일상스타그램 #인스타그램 #여행 #제주도 #제주도여행 #제주도맛집 #제주도카페 #카페 #카페스타그램 #좋반 #사진 #해바라기 #selfie #instagram #instagood #instadaily #instafashion #likeforlikes #likesforlike #likeforfollow #followforfollowback #korea,"['#일상', '#일상스타그램', '#인스타그램', '#여행', '#제주도', '#제주도여행', '#제주도맛집', '#제주도카페', '#카페', '#카페스타그램', '#좋반', '#사진', '#해바라기', '#selfie', '#instagram', '#instagood', '#instadaily', '#instafashion', '#likeforlikes', '#likesforlike', '#likeforfollow', '#followforfollowback', '#korea']",2021-08-19,26,
이제 슬슬 선선해지고 있다❤️,[],2021-08-19,234,Jeju-do
오모나...#헬스 #국내여행 #내사랑 #제주도카페 #다렉 #새벽 #일산 #가족 #카페맛집 #고양이 #제주도맛집 #점심 #코디 #강남맛집 #멍스타그램 #스타일 #여행에미치다 #일상공유 #휴가 #소소한일상 #데일리룩 #홍대맛집 #드라이브코스 #광안리 #핵잼 #사랑꾼 #덩크 #불금 #결혼 #출근,"['#헬스', '#국내여행', '#내사랑', '#제주도카페', '#다렉', '#새벽', '#일산', '#가족', '#카페맛집', '#고양이', '#제주도맛집', '#점심', '#코디', '#강남맛집', '#멍스타그램', '#스타일', '#여행에미치다', '#일상공유', '#휴가', '#소소한일상', '#데일리룩', '#홍대맛집', '#드라이브코스', '#광안리', '#핵잼', '#사랑꾼', '#덩크', '#불금', '#결혼', '#출근']",2021-08-19,3,
제주 인생밥집⠀⠀⠀⠀⠀⠀⠀⠀⠀⠀⠀⠀⠀⠀⠀⠀⠀🕚 OPEN - 11:00⠀⠀⠀⠀⠀⠀⠀⠀⠀⠀⠀⠀🕕 CLOSED - 17:00⠀⠀⠀⠀⠀⠀⠀⠀⠀⠀⠀⠀⠀⠀⠀⠀⠀브레이크타임 없어요.⠀⠀⠀⠀⠀⠀⠀⠀⠀⠀⠀⠀⠀⠀⠀⠀⠀예약은 받지 않고 오시는 순서대로 식사가능 하세요.⠀⠀⠀⠀⠀⠀⠀⠀⠀⠀⠀⠀⠀⠀⠀⠀⠀싱싱한 해물과 신선한 야채로 그날 준비한 재료가 소진되면 조기마감 합니다. ⠀⠀⠀⠀⠀⠀⠀⠀⠀⠀⠀⠀⠀⠀⠀⠀⠀⠀⠀⠀⠀⠀⠀⠀⠀⠀⠀⠀⠀⠀⠀⠀⠀⠀🥣전복해물볶음밥 / 전복물회 / 전복딱새우장 정식⠀⠀⠀⠀⠀⠀⠀⠀⠀⠀⠀⠀⠀⠀⠀⠀⠀사는게니나노 ~ ♬인생밥집 010-6501-5073주소는 제주시 한림읍 문교길6 ..⠀⠀⠀⠀⠀⠀⠀⠀⠀⠀⠀⠀⠀⠀⠀⠀⠀🅿️ 무료 공영 주차장 위치!! .⠀⠀⠀⠀⠀⠀⠀⠀⠀⠀⠀⠀⠀⠀⠀⠀⠀🚗 제주시 한림읍 한림리 1197-4🚘 제주시 한림읍 한림리 1198-3🚙 제주시 한림읍 한림리 943-9.걸어서 2분이내 거리에요~♡♡#제주#제주도#jeju#제주살이#제주맛집#제주도맛집#한림맛집#애월맛집#대구맛집 #중문맛집#산방산맛집#월정리#신화월드맛집#제주신혼여행#협재해수욕장근처맛집#협재해변#금능해수욕장#좋아요#일상#일상스타그램#먹스타그램#맛스타그램 #전복장 #딱새우장#제주가족여행 #제주우정여행 #제주혼밥 #협재혼밥,"['#제주', '#제주도', '#jeju', '#제주살이', '#제주맛집', '#제주도맛집', '#한림맛집', '#애월맛집', '#대구맛집', '#중문맛집', '#산방산맛집', '#월정리', '#신화월드맛집', '#제주신혼여행', '#협재해수욕장근처맛집', '#협재해변', '#금능해수욕장', '#좋아요', '#일상', '#일상스타그램', '#먹스타그램', '#맛스타그램', '#전복장', '#딱새우장', '#제주가족여행', '#제주우정여행', '#제주혼밥', '#협재혼밥']",2021-08-19,6,
애월 로드129성게크림파스타흑돼지 멘치카츠흑돼지 치즈돈까스흑돼지 고구마치즈돈까스흑돼지 수제돈까스해물야끼소바재료소진시 조기마감전메뉴 포장가능#애월맛집#제주맛집#애월읍맛집#애월항맛집#제주애월점심#애월맛집추천#제주애월맛집#애월점심추천#애월밥집#제주현지인맛집#제주도민추천맛집#제주도현지인맛집#도민맛집#제주혼밥#제주시맛집#제주도맛집#금능맛집#한림맛집#협재맛집#협재해수욕장맛집#곽지해수욕장맛집#더럭분교맛집#애월해안도로#제주서쪽맛집#애월데이트코스#새별오름#애월카페#제주데이트코스,"['#애월맛집', '#제주맛집', '#애월읍맛집', '#애월항맛집', '#제주애월점심', '#애월맛집추천', '#제주애월맛집', '#애월점심추천', '#애월밥집', '#제주현지인맛집', '#제주도민추천맛집', '#제주도현지인맛집', '#도민맛집', '#제주혼밥', '#제주시맛집', '#제주도맛집', '#금능맛집', '#한림맛집', '#협재맛집', '#협재해수욕장맛집', '#곽지해수욕장맛집', '#더럭분교맛집', '#애월해안도로', '#제주서쪽맛집', '#애월데이트코스', '#새별오름', '#애월카페', '#제주데이트코스']",2021-08-19,1,
사진도찍다말다그냥 처먹처먹 하다가 휴가끝 👋#찬진은진 #진바니먹방,"['#찬진은진', '#진바니먹방']",2021-08-19,51,
.빨주노초파보 🌈쫀득쫀득 꼬끄에 맛있는 필링🤤✨월정 바다와 함께일 때 더 빛이 나는 무지개 수카롱 ❤️🧡💛💚💙💜제주시 구좌읍 해맞이해안로 406 카페콧수염070-4131-8880매일 모든 메뉴 sold-out 되므로 선착순 판매합니다.예쁜 사진 남겨주셔서 감사합니다 🌷#제주월정리 #세화카페 #제주월정리카페 #서귀포맛집 #제주애견동반 #제주도맛집 #성산일출봉맛집 #제주맛집 #서귀포카페 #제주도카페 #제주카페추천 #제주 #함덕카페 #구좌읍카페 #월정리콧수염 #제주카페투어 #성산카페 #월정리카페콧수염 #월정리맛집 #제주도기념품 #구좌읍맛집 #구좌읍 #월정리카페 #제주시카페 #제주도 #월정리 #제주피크닉 #제주카페 #제주애견동반카페 #제주도마카롱,"['#제주월정리', '#세화카페', '#제주월정리카페', '#서귀포맛집', '#제주애견동반', '#제주도맛집', '#성산일출봉맛집', '#제주맛집', '#서귀포카페', '#제주도카페', '#제주카페추천', '#제주', '#함덕카페', '#구좌읍카페', '#월정리콧수염', '#제주카페투어', '#성산카페', '#월정리카페콧수염', '#월정리맛집', '#제주도기념품', '#구좌읍맛집', '#구좌읍', '#월정리카페', '#제주시카페', '#제주도', '#월정리', '#제주피크닉', '#제주카페', '#제주애견동반카페', '#제주도마카롱']",2021-08-19,1,
제주 금능 “율” 크로플바삭바삭한 크로플과 아이스아메리카노는 꿀조합💙꼬마손님들은 무조건 쪼꼬쪼꼬래요🍫부담없는 맛에 심플하고 귀여운 박스포장선물용으로 많이 나가고 있어요 🎁(미리 전화주문 해주시면 시간맞춰 포장해드려요)오후5시 이후에는 전화주문주세요 :)제주시 한림읍 금능 6길 11 (크로플 율),[],2021-08-19,0,금능해수욕장
